Region,Year,Contraception_Rate,Maternal_Mortality
Batha,1990,24.61826054772984,412.0
Batha,1991,2000.382405130194,947.0
Batha,1992,22.64995092582984,793.0
Batha,1993,28.449583875499627,411.0
Batha,1994,8.80454272136944,801.0
Batha,1995,31.305176720186903,342.0
Batha,1996,25.125478319329726,301.0
Batha,1997,18.19089514093347,0.0
Batha,1998,17.625100471765464,36500.0
Batha,1999,25.726002415955,834.0
Batha,2000,19.633167749474943,989.0
Batha,2001,31.69088527991611,1050.0
Batha,2002,9.178038819700609,403.0
Batha,2003,30.24141028703558,579.0
Batha,2004,21.03483044057131,961.0
Batha,2005,16.315188540783346,1041.0
Batha,2006,18.52442579991383,723.0
Batha,2007,30.329202366745594,855.0
Batha,2008,8.758133679112605,0.0
Batha,2009,32.738049078986634,475.0
Batha,2010,16.26486105686562,372.0
Batha,2011,24.657379433830105,619.0
Batha,2012,33.597071868935345,777.0
Batha,2013,15.266369900600784,649.0
Batha,2014,26.99599492587922,787.0
Batha,2015,28.073202950302456,676.0
Batha,2016,12.382888536536775,674.0
Batha,2017,18.373795664471597,548.0
Batha,2018,6.622641531904564,481.0
Batha,2019,10.533006019447765,514.0
Batha,2020,0.0,717.0
Batha,2021,31.384450537423984,675.0
Batha,2022,13.68955718951714,85700.0
Batha,2023,18.251715563991997,832.0
Batha,2024,14.279213911046115,392.0
Batha,2025,7.339786853984744,485.0
Batha,2026,23.26727115542088,379.0
Batha,2027,16.644850474637906,1085.0
Batha,2028,32.644746454941014,558.0
Batha,2029,14.6386140211586,0.0
Batha,2030,8.118700305596725,483.0
Batha,2031,28.839566013464164,557.0
Batha,2032,32.07204180546108,713.0
Batha,2033,32.1099492685254,807.0
Batha,2034,18.793232770651684,601.0
Batha,2035,28.457927549939296,929.0
Batha,2036,11.297567293990944,441.0
Batha,2037,9.57592572797359,45000.0
Batha,2038,13.778365909522163,407.0
Batha,2039,27.329653791699897,500.0
Borkou,1990,24.948465982054,416.0
Borkou,1991,22.44141150094805,919.0
Borkou,1992,26.819105660990164,663.0
Borkou,1993,32.95780395067383,792.0
Borkou,1994,22.93988922959397,486.0
Borkou,1995,29.72080539135161,362.0
Borkou,1996,25.56963435849909,447.0
Borkou,1997,32.66733911173744,391.0
Borkou,1998,16.549817947642868,532.0
Borkou,1999,17.254206899902044,639.0
Borkou,2000,25.537810078483133,801.0
Borkou,2001,22.863488924355863,0.0
Borkou,2002,12.17717274182969,500.0
Borkou,2003,9.702674855417415,833.0
Borkou,2004,29.60119775413613,0.0
Borkou,2005,16.01643088253902,913.0
Borkou,2006,19.150464120194155,655.0
Borkou,2007,13.550586405131307,599.0
Borkou,2008,26.84042255699256,64200.0
Borkou,2009,0.0,463.0
Borkou,2010,22.040950397273107,465.0
Borkou,2011,28.556014158996724,1076.0
Borkou,2012,20.94500220295019,889.0
Borkou,2013,33.52051160074427,0.0
Borkou,2014,21.091103120728683,433.0
Borkou,2015,8.218049298649877,365.0
Borkou,2016,22.677065792085017,381.0
Borkou,2017,31.51945915651257,1052.0
Borkou,2018,5.216464865886637,945.0
Borkou,2019,9.846471237228052,553.0
Borkou,2020,10.646897697568631,905.0
Borkou,2021,30.50825262249979,879.0
Borkou,2022,22.483440328402978,651.0
Borkou,2023,17.276831186069256,817.0
Borkou,2024,15.254271768842171,539.0
Borkou,2025,6.181441294563964,813.0
Borkou,2026,7.679599269600944,1062.0
Borkou,2027,31.607567007113047,994.0
Borkou,2028,34.28190831150967,716.0
Borkou,2029,11.313517206759832,585.0
Borkou,2030,26.271387252283056,811.0
Borkou,2031,24.35158391955369,360.0
Borkou,2032,9.62836619451456,460.0
Borkou,2033,32.94838872390513,1071.0
Borkou,2034,16.7239930816675,636.0
Borkou,2035,29.578773476365317,940.0
Borkou,2036,13.897770326800508,900.0
Borkou,2037,23.29667866260202,959.0
Borkou,2038,17.046196391212145,428.0
Borkou,2039,32.6619480191312,386.0
Chari-Barguimi,1990,33.05947958939217,527.0
Chari-Barguimi,1991,21.28329262323921,606.0
Chari-Barguimi,1992,31.318136806062924,371.0
Chari-Barguimi,1993,11.121813361435317,641.0
Chari-Barguimi,1994,10.991951313045362,467.0
Chari-Barguimi,1995,0.0,0.0
Chari-Barguimi,1996,10.268751488872976,730.0
Chari-Barguimi,1997,23.590489309675466,903.0
Chari-Barguimi,1998,16.485258378369807,535.0
Chari-Barguimi,1999,33.32024602418471,907.0
Chari-Barguimi,2000,28.632596130876777,721.0
Chari-Barguimi,2001,27.351253307287813,374.0
Chari-Barguimi,2002,16.663937851114486,1018.0
Chari-Barguimi,2003,33.907162978287595,311.0
Chari-Barguimi,2004,31.089331669640387,1059.0
Chari-Barguimi,2005,17.69935698555607,809.0
Chari-Barguimi,2006,7.120734524284239,47800.0
Chari-Barguimi,2007,8.37667455529284,868.0
Chari-Barguimi,2008,13.762726117671091,326.0
Chari-Barguimi,2009,27.88592370626842,374.0
Chari-Barguimi,2010,7.384678267450012,457.0
Chari-Barguimi,2011,13.30689285162757,459.0
Chari-Barguimi,2012,32.40602434223626,477.0
Chari-Barguimi,2013,31.63148869653572,447.0
Chari-Barguimi,2014,9.201536802973964,1067.0
Chari-Barguimi,2015,19.81643712993851,524.0
Chari-Barguimi,2016,8.654859950431348,710.0
Chari-Barguimi,2017,816.2047782873639,587.0
Chari-Barguimi,2018,20.97946417242097,538.0
Chari-Barguimi,2019,12.185224714686209,388.0
Chari-Barguimi,2020,14.259209509582952,430.0
Chari-Barguimi,2021,11.3318149279765,706.0
Chari-Barguimi,2022,0.0,798.0
Chari-Barguimi,2023,11.519150144644058,1042.0
Chari-Barguimi,2024,17.385808135638186,944.0
Chari-Barguimi,2025,17.722548816778065,102800.0
Chari-Barguimi,2026,11.521180881805671,821.0
Chari-Barguimi,2027,33.88113665506491,335.0
Chari-Barguimi,2028,7.209149540137206,88800.0
Chari-Barguimi,2029,19.954944967941955,1063.0
Chari-Barguimi,2030,28.4214170192881,701.0
Chari-Barguimi,2031,22.73809625413081,1067.0
Chari-Barguimi,2032,16.048138578245407,949.0
Chari-Barguimi,2033,16.243946344517244,672.0
Chari-Barguimi,2034,5.65181222279386,1067.0
Chari-Barguimi,2035,28.576481385244293,563.0
Chari-Barguimi,2036,12.12834247625024,753.0
Chari-Barguimi,2037,31.80680237486156,1047.0
Chari-Barguimi,2038,34.81783629179969,505.0
Chari-Barguimi,2039,20.890678016237707,975.0
Ennedi,1990,27.47208489288046,977.0
Ennedi,1991,15.57922369051474,932.0
Ennedi,1992,12.345592958121069,53400.0
Ennedi,1993,30.770200035297663,41100.0
Ennedi,1994,2083.434313361338,939.0
Ennedi,1995,19.081095513386156,1025.0
Ennedi,1996,31.210661462158946,449.0
Ennedi,1997,7.780583353246381,938.0
Ennedi,1998,21.32674387947833,963.0
Ennedi,1999,29.636413801932733,1069.0
Ennedi,2000,8.32729799050736,754.0
Ennedi,2001,34.28074708054756,939.0
Ennedi,2002,3384.166986582132,562.0
Ennedi,2003,19.950064560621392,757.0
Ennedi,2004,31.719448783490915,429.0
Ennedi,2005,20.82495436094236,695.0
Ennedi,2006,7.167954165557263,483.0
Ennedi,2007,25.901357120403677,800.0
Ennedi,2008,6.42929939301749,1020.0
Ennedi,2009,6.157689281556444,583.0
Ennedi,2010,30.634623694991493,547.0
Ennedi,2011,7.333072761909687,726.0
Ennedi,2012,9.28909868455749,650.0
Ennedi,2013,30.32130961495521,767.0
Ennedi,2014,19.6545559376107,582.0
Ennedi,2015,21.985079172043143,995.0
Ennedi,2016,13.764233032218842,636.0
Ennedi,2017,24.742055967717565,312.0
Ennedi,2018,7.08405242017233,0.0
Ennedi,2019,22.473408225462023,836.0
Ennedi,2020,23.94626626653441,343.0
Ennedi,2021,20.14323263524811,943.0
Ennedi,2022,10.394308019465536,0.0
Ennedi,2023,7.005813983887165,648.0
Ennedi,2024,29.64623668592785,1047.0
Ennedi,2025,18.68425650345821,931.0
Ennedi,2026,20.14151119458966,927.0
Ennedi,2027,21.94946144373733,515.0
Ennedi,2028,30.946274436204614,1062.0
Ennedi,2029,18.67161913428648,634.0
Ennedi,2030,15.574059964975742,906.0
Ennedi,2031,17.811491693663623,93200.0
Ennedi,2032,28.158612387683416,851.0
Ennedi,2033,0.0,407.0
Ennedi,2034,10.224243693064516,1013.0
Ennedi,2035,24.00741818249529,742.0
Ennedi,2036,19.20927607153797,943.0
Ennedi,2037,0.0,346.0
Ennedi,2038,16.967269628361965,0.0
Ennedi,2039,32.5360729373058,425.0
Guera,1990,28.17067870615073,995.0
Guera,1991,7.561372271154354,360.0
Guera,1992,19.119147238962363,929.0
Guera,1993,11.493933051612387,560.0
Guera,1994,23.85624795150057,650.0
Guera,1995,25.820937555948955,887.0
Guera,1996,19.23798232649671,507.0
Guera,1997,25.4857241983791,719.0
Guera,1998,15.728291294408647,311.0
Guera,1999,24.4012652939858,460.0
Guera,2000,28.71734642765344,308.0
Guera,2001,31.76626383527389,822.0
Guera,2002,5.641826962282645,734.0
Guera,2003,32.819406214961724,337.0
Guera,2004,23.5707486334921,705.0
Guera,2005,24.347724148476875,926.0
Guera,2006,13.539675675729566,472.0
Guera,2007,0.0,707.0
Guera,2008,21.7050366854194,668.0
Guera,2009,19.375431352050796,979.0
Guera,2010,1240.0177830663367,889.0
Guera,2011,22.597777234738725,610.0
Guera,2012,20.47716500204391,869.0
Guera,2013,18.060435504599265,307.0
Guera,2014,11.13983466708575,1016.0
Guera,2015,14.498880179286832,408.0
Guera,2016,27.569124730951355,541.0
Guera,2017,2996.705927716516,1067.0
Guera,2018,7.750494214159314,930.0
Guera,2019,31.67752026571088,1075.0
Guera,2020,13.925736845766934,343.0
Guera,2021,0.0,898.0
Guera,2022,29.39865957193509,982.0
Guera,2023,10.218623004521591,1084.0
Guera,2024,22.40572178233357,551.0
Guera,2025,18.9517175394466,595.0
Guera,2026,5.257657855968062,347.0
Guera,2027,1556.450438603715,635.0
Guera,2028,30.21212702119139,666.0
Guera,2029,1521.145342174158,758.0
Guera,2030,27.00405795406946,1014.0
Guera,2031,24.97980389902352,1054.0
Guera,2032,20.915988507459105,67500.0
Guera,2033,33.35226088076841,1091.0
Guera,2034,9.57905041653922,95500.0
Guera,2035,12.669942395645649,614.0
Guera,2036,0.0,612.0
Guera,2037,13.646690762282518,728.0
Guera,2038,11.09802713099658,909.0
Guera,2039,852.3351506799504,479.0
Hadjer-Lamis,1990,19.310440192602325,398.0
Hadjer-Lamis,1991,22.82002835673296,403.0
Hadjer-Lamis,1992,10.425568130827669,501.0
Hadjer-Lamis,1993,5.141523344854221,397.0
Hadjer-Lamis,1994,15.799275819008525,381.0
Hadjer-Lamis,1995,12.748123070524745,656.0
Hadjer-Lamis,1996,7.993100194570397,775.0
Hadjer-Lamis,1997,31.57931829635531,879.0
Hadjer-Lamis,1998,18.63794188640114,714.0
Hadjer-Lamis,1999,23.91748250000095,894.0
Hadjer-Lamis,2000,32.22043288266498,319.0
Hadjer-Lamis,2001,0.0,663.0
Hadjer-Lamis,2002,23.811535611982613,702.0
Hadjer-Lamis,2003,5.795973162209909,528.0
Hadjer-Lamis,2004,8.075841920857908,539.0
Hadjer-Lamis,2005,26.54506953943059,0.0
Hadjer-Lamis,2006,15.543854982583364,849.0
Hadjer-Lamis,2007,30.11586045773664,733.0
Hadjer-Lamis,2008,7.632351521539967,825.0
Hadjer-Lamis,2009,13.999850186856914,614.0
Hadjer-Lamis,2010,20.699424076531724,977.0
Hadjer-Lamis,2011,2535.207718873088,544.0
Hadjer-Lamis,2012,16.650151615182686,1056.0
Hadjer-Lamis,2013,29.49566016916632,972.0
Hadjer-Lamis,2014,21.27042465737057,802.0
Hadjer-Lamis,2015,7.414573188041248,1082.0
Hadjer-Lamis,2016,32.093096498588835,963.0
Hadjer-Lamis,2017,30.72245905556385,999.0
Hadjer-Lamis,2018,26.878436404412668,1076.0
Hadjer-Lamis,2019,0.0,697.0
Hadjer-Lamis,2020,19.426987148165725,735.0
Hadjer-Lamis,2021,18.832241343286302,514.0
Hadjer-Lamis,2022,9.974203306885988,956.0
Hadjer-Lamis,2023,19.518960228599497,394.0
Hadjer-Lamis,2024,18.637935434344183,508.0
Hadjer-Lamis,2025,11.586851357586603,330.0
Hadjer-Lamis,2026,30.34042610356634,651.0
Hadjer-Lamis,2027,17.60372006227389,455.0
Hadjer-Lamis,2028,31.073318273295037,832.0
Hadjer-Lamis,2029,26.90854343262724,456.0
Hadjer-Lamis,2030,15.311987834585434,65200.0
Hadjer-Lamis,2031,23.85663573580468,72100.0
Hadjer-Lamis,2032,7.863993021036614,327.0
Hadjer-Lamis,2033,3141.1692239816907,307.0
Hadjer-Lamis,2034,8.251621987517266,832.0
Hadjer-Lamis,2035,33.496785056990554,387.0
Hadjer-Lamis,2036,3138.0114897568374,497.0
Hadjer-Lamis,2037,22.85560778690864,361.0
Hadjer-Lamis,2038,31.689625617794388,927.0
Hadjer-Lamis,2039,19.015432699601742,611.0
Kanem,1990,13.01144678613132,696.0
Kanem,1991,9.912940949244817,491.0
Kanem,1992,20.340358619882306,976.0
Kanem,1993,9.791386824039424,306.0
Kanem,1994,0.0,633.0
Kanem,1995,12.70083645781619,0.0
Kanem,1996,29.48978723410652,424.0
Kanem,1997,17.346984542075145,0.0
Kanem,1998,30.452212781987768,302.0
Kanem,1999,27.266511219443554,740.0
Kanem,2000,15.960244708697694,572.0
Kanem,2001,5.408901655871548,955.0
Kanem,2002,9.6339895782816,954.0
Kanem,2003,7.900813018230872,0.0
Kanem,2004,18.102597566021096,1080.0
Kanem,2005,11.223243036832322,412.0
Kanem,2006,21.55118317704824,873.0
Kanem,2007,10.484163671336582,337.0
Kanem,2008,7.439397495514978,901.0
Kanem,2009,6.649710251741745,1021.0
Kanem,2010,23.624588181050854,742.0
Kanem,2011,25.48138212941297,530.0
Kanem,2012,0.0,0.0
Kanem,2013,24.48079708667513,1069.0
Kanem,2014,8.968853990533612,1090.0
Kanem,2015,3375.6347209563864,388.0
Kanem,2016,15.033630248610638,472.0
Kanem,2017,26.21553817988338,457.0
Kanem,2018,29.02257123854592,1022.0
Kanem,2019,14.099633391654052,478.0
Kanem,2020,13.74390726479242,570.0
Kanem,2021,9.191105740963334,866.0
Kanem,2022,5.504036108624215,436.0
Kanem,2023,29.751679651884466,931.0
Kanem,2024,15.119004132014972,335.0
Kanem,2025,10.695482576625952,354.0
Kanem,2026,18.30280083797698,1042.0
Kanem,2027,14.522570688080496,702.0
Kanem,2028,8.296606920233893,978.0
Kanem,2029,9.241876210134658,875.0
Kanem,2030,19.802238767274503,714.0
Kanem,2031,30.695445698660965,1079.0
Kanem,2032,2624.647183592019,420.0
Kanem,2033,12.022611911056488,551.0
Kanem,2034,0.0,563.0
Kanem,2035,15.243739830572016,0.0
Kanem,2036,18.808155242960865,924.0
Kanem,2037,32.44380377087089,731.0
Kanem,2038,23.06529366492057,849.0
Kanem,2039,27.694301892430936,788.0
Lac,1990,15.716840718120492,637.0
Lac,1991,9.20474333532469,313.0
Lac,1992,0.0,845.0
Lac,1993,10.761257669623069,1054.0
Lac,1994,31.37512315539561,346.0
Lac,1995,13.93878660043111,500.0
Lac,1996,6.683696767653372,519.0
Lac,1997,29.030925618177395,530.0
Lac,1998,28.758821963690487,419.0
Lac,1999,9.766080478411189,776.0
Lac,2000,10.023553455755287,637.0
Lac,2001,17.85993665764596,442.0
Lac,2002,6.853215201689075,895.0
Lac,2003,26.49119617266604,648.0
Lac,2004,26.22249547596423,0.0
Lac,2005,33.25481776986165,580.0
Lac,2006,0.0,699.0
Lac,2007,2347.0387751187745,1003.0
Lac,2008,7.134488458788928,482.0
Lac,2009,21.16069471164329,934.0
Lac,2010,12.125910319521571,405.0
Lac,2011,21.134007583496604,703.0
Lac,2012,12.502474405991094,736.0
Lac,2013,22.73721281049305,477.0
Lac,2014,8.962226327309768,823.0
Lac,2015,23.174641892790014,617.0
Lac,2016,5.989424739505944,956.0
Lac,2017,7.324102700571128,426.0
Lac,2018,25.514404675801156,966.0
Lac,2019,19.22543141162329,374.0
Lac,2020,30.533988525808088,545.0
Lac,2021,14.88166139157314,760.0
Lac,2022,26.8626264569356,690.0
Lac,2023,7.137655180866648,539.0
Lac,2024,11.289864923894324,998.0
Lac,2025,27.73367362975725,519.0
Lac,2026,29.59730534780215,1019.0
Lac,2027,22.493730263735173,947.0
Lac,2028,34.22254755293615,867.0
Lac,2029,31.27563895328764,399.0
Lac,2030,26.74352010401128,323.0
Lac,2031,9.9082078458996,1051.0
Lac,2032,19.88527491570141,376.0
Lac,2033,7.173842289377336,55400.0
Lac,2034,0.0,527.0
Lac,2035,26.76004066539789,845.0
Lac,2036,5.135212353299327,571.0
Lac,2037,8.090896384468198,509.0
Lac,2038,26.55959937133958,767.0
Lac,2039,14.60359426655758,401.0
Logone Occidental,1990,598.1350066432257,925.0
Logone Occidental,1991,14.320882108538456,696.0
Logone Occidental,1992,27.31923895400546,598.0
Logone Occidental,1993,19.49077180608838,599.0
Logone Occidental,1994,5.744414818045628,901.0
Logone Occidental,1995,16.697008158520738,911.0
Logone Occidental,1996,20.35217890935841,886.0
Logone Occidental,1997,17.818639515763437,601.0
Logone Occidental,1998,29.31598504993133,690.0
Logone Occidental,1999,20.489635553610533,479.0
Logone Occidental,2000,29.76283982656505,975.0
Logone Occidental,2001,9.268840349986103,316.0
Logone Occidental,2002,22.841385089981937,1027.0
Logone Occidental,2003,28.545017494136484,1057.0
Logone Occidental,2004,22.338849287481285,746.0
Logone Occidental,2005,32.16486741295228,332.0
Logone Occidental,2006,0.0,982.0
Logone Occidental,2007,11.180276410788077,713.0
Logone Occidental,2008,30.34558416858729,577.0
Logone Occidental,2009,26.304757705456588,361.0
Logone Occidental,2010,34.88598094273728,922.0
Logone Occidental,2011,13.588130187945657,707.0
Logone Occidental,2012,18.557482126087923,856.0
Logone Occidental,2013,30.90847543876938,1063.0
Logone Occidental,2014,19.4595641927871,424.0
Logone Occidental,2015,0.0,537.0
Logone Occidental,2016,14.487416480974218,697.0
Logone Occidental,2017,21.281578911655977,63700.0
Logone Occidental,2018,15.350838532849131,381.0
Logone Occidental,2019,26.56967657040144,968.0
Logone Occidental,2020,26.430485332474884,519.0
Logone Occidental,2021,0.0,736.0
Logone Occidental,2022,10.320377598467896,568.0
Logone Occidental,2023,22.80440137183919,713.0
Logone Occidental,2024,2772.7810262823555,726.0
Logone Occidental,2025,15.848622941982342,798.0
Logone Occidental,2026,11.34090573762852,1029.0
Logone Occidental,2027,15.302209336642502,482.0
Logone Occidental,2028,6.890129330233455,940.0
Logone Occidental,2029,15.249176497067582,1054.0
Logone Occidental,2030,30.151119433299968,963.0
Logone Occidental,2031,9.827090674028106,402.0
Logone Occidental,2032,29.35652279706748,301.0
Logone Occidental,2033,17.241057873430325,0.0
Logone Occidental,2034,16.99814598800006,759.0
Logone Occidental,2035,12.015757253282205,329.0
Logone Occidental,2036,16.058515162662516,858.0
Logone Occidental,2037,26.237266779331463,469.0
Logone Occidental,2038,1045.2310799960028,584.0
Logone Occidental,2039,0.0,854.0
Logone Oriental,1990,15.615057217033575,679.0
Logone Oriental,1991,16.52504786924664,592.0
Logone Oriental,1992,33.15871469697437,1034.0
Logone Oriental,1993,13.022891006353271,0.0
Logone Oriental,1994,10.992641435033676,345.0
Logone Oriental,1995,25.67868109879336,0.0
Logone Oriental,1996,13.616664008446078,82100.0
Logone Oriental,1997,0.0,1063.0
Logone Oriental,1998,13.397991877394134,466.0
Logone Oriental,1999,26.586485882509177,308.0
Logone Oriental,2000,5.889009848902762,1098.0
Logone Oriental,2001,30.314593547810595,908.0
Logone Oriental,2002,6.619003543532102,878.0
Logone Oriental,2003,10.455105329455922,625.0
Logone Oriental,2004,13.166539566877455,975.0
Logone Oriental,2005,12.970486959849058,1089.0
Logone Oriental,2006,8.398795576428055,867.0
Logone Oriental,2007,29.845337557888826,1072.0
Logone Oriental,2008,12.324782637259055,379.0
Logone Oriental,2009,15.485593306523546,644.0
Logone Oriental,2010,3121.182227249794,490.0
Logone Oriental,2011,16.689606174365935,1031.0
Logone Oriental,2012,11.280705091946365,718.0
Logone Oriental,2013,23.26552780431014,545.0
Logone Oriental,2014,34.396286947053966,601.0
Logone Oriental,2015,19.181801634977923,387.0
Logone Oriental,2016,27.94486407817486,851.0
Logone Oriental,2017,27.88802382663625,634.0
Logone Oriental,2018,17.284588060960722,817.0
Logone Oriental,2019,26.709007002911346,908.0
Logone Oriental,2020,23.86468503258194,59900.0
Logone Oriental,2021,12.781649280594632,107700.0
Logone Oriental,2022,30.884760589470325,465.0
Logone Oriental,2023,22.425689972909296,338.0
Logone Oriental,2024,8.237680873065035,649.0
Logone Oriental,2025,12.441438228191368,652.0
Logone Oriental,2026,17.809922763608352,1056.0
Logone Oriental,2027,13.43845213219208,715.0
Logone Oriental,2028,20.710920710551274,943.0
Logone Oriental,2029,22.177828312102253,335.0
Logone Oriental,2030,24.144789124863607,401.0
Logone Oriental,2031,24.329285376930308,513.0
Logone Oriental,2032,29.561366681728224,661.0
Logone Oriental,2033,23.628733924421784,667.0
Logone Oriental,2034,30.052692041373536,668.0
Logone Oriental,2035,23.714754829882683,0.0
Logone Oriental,2036,33.359923437603406,106200.0
Logone Oriental,2037,8.855727092193717,840.0
Logone Oriental,2038,16.485149647694683,1069.0
Logone Oriental,2039,9.785868210649582,771.0
Mandoul,1990,28.510969878677557,895.0
Mandoul,1991,31.393219782134093,787.0
Mandoul,1992,10.927652879797185,857.0
Mandoul,1993,34.990437768864105,939.0
Mandoul,1994,19.298839774226657,855.0
Mandoul,1995,8.912008851512642,771.0
Mandoul,1996,9.110447101700942,409.0
Mandoul,1997,24.40317826668178,484.0
Mandoul,1998,17.68362878737564,620.0
Mandoul,1999,13.816972596333082,0.0
Mandoul,2000,22.2709586451977,897.0
Mandoul,2001,32.38151975312182,826.0
Mandoul,2002,29.59513861800579,675.0
Mandoul,2003,17.90989313968538,881.0
Mandoul,2004,0.0,513.0
Mandoul,2005,8.090804382210813,948.0
Mandoul,2006,31.0348728946323,1030.0
Mandoul,2007,10.9129282424622,97200.0
Mandoul,2008,15.690841442232376,356.0
Mandoul,2009,0.0,909.0
Mandoul,2010,15.658043835595688,487.0
Mandoul,2011,24.99840960160789,1076.0
Mandoul,2012,0.0,703.0
Mandoul,2013,22.95244315344881,999.0
Mandoul,2014,30.34216998931223,365.0
Mandoul,2015,15.17720415221668,777.0
Mandoul,2016,14.70135844779224,724.0
Mandoul,2017,6.077860248386343,937.0
Mandoul,2018,11.974928036427816,881.0
Mandoul,2019,34.81046347364139,46900.0
Mandoul,2020,6.935068084939826,829.0
Mandoul,2021,6.975864376893664,869.0
Mandoul,2022,27.274731379737425,435.0
Mandoul,2023,34.7205242859492,816.0
Mandoul,2024,8.944063138894501,364.0
Mandoul,2025,22.663566462556624,353.0
Mandoul,2026,16.57642556318617,1014.0
Mandoul,2027,14.93139530872504,821.0
Mandoul,2028,25.085916890741952,949.0
Mandoul,2029,18.310117707294417,539.0
Mandoul,2030,13.42846323881557,67400.0
Mandoul,2031,11.434445130901649,0.0
Mandoul,2032,14.583250917380768,1021.0
Mandoul,2033,6.808549403625774,494.0
Mandoul,2034,0.0,628.0
Mandoul,2035,28.291936809095,496.0
Mandoul,2036,32.17578353295697,360.0
Mandoul,2037,22.55776685609235,613.0
Mandoul,2038,25.785899112576168,893.0
Mandoul,2039,10.828699702791049,973.0
Mayo-Kebbi Est,1990,7.318902428549935,68600.0
Mayo-Kebbi Est,1991,23.33665761814736,0.0
Mayo-Kebbi Est,1992,22.62026237986788,980.0
Mayo-Kebbi Est,1993,18.146700271558963,596.0
Mayo-Kebbi Est,1994,26.4053016782986,1076.0
Mayo-Kebbi Est,1995,8.511227248676622,692.0
Mayo-Kebbi Est,1996,21.875813429230927,334.0
Mayo-Kebbi Est,1997,7.242637575244336,613.0
Mayo-Kebbi Est,1998,21.00074329932351,997.0
Mayo-Kebbi Est,1999,26.140148256622723,984.0
Mayo-Kebbi Est,2000,20.13605171542207,0.0
Mayo-Kebbi Est,2001,21.869072265233903,314.0
Mayo-Kebbi Est,2002,12.33057846039926,1032.0
Mayo-Kebbi Est,2003,2147.937827481145,822.0
Mayo-Kebbi Est,2004,13.109324949174027,895.0
Mayo-Kebbi Est,2005,12.253755474816307,725.0
Mayo-Kebbi Est,2006,22.843777879427066,907.0
Mayo-Kebbi Est,2007,22.438435216978245,331.0
Mayo-Kebbi Est,2008,13.934291821007085,330.0
Mayo-Kebbi Est,2009,20.58789411819208,905.0
Mayo-Kebbi Est,2010,22.93226280578059,481.0
Mayo-Kebbi Est,2011,29.96966817296057,1061.0
Mayo-Kebbi Est,2012,19.293393754683816,882.0
Mayo-Kebbi Est,2013,19.05365630228542,335.0
Mayo-Kebbi Est,2014,15.880930760723135,426.0
Mayo-Kebbi Est,2015,7.829046967274911,356.0
Mayo-Kebbi Est,2016,6.546159358606321,69100.0
Mayo-Kebbi Est,2017,9.863600583302308,434.0
Mayo-Kebbi Est,2018,20.309911413608024,518.0
Mayo-Kebbi Est,2019,0.0,907.0
Mayo-Kebbi Est,2020,11.118247961804055,554.0
Mayo-Kebbi Est,2021,31.068205177118905,706.0
Mayo-Kebbi Est,2022,19.48633307366481,342.0
Mayo-Kebbi Est,2023,24.822227982154665,406.0
Mayo-Kebbi Est,2024,1670.0919539781512,946.0
Mayo-Kebbi Est,2025,12.937884889778614,48900.0
Mayo-Kebbi Est,2026,21.034509560265526,316.0
Mayo-Kebbi Est,2027,23.41918881438765,762.0
Mayo-Kebbi Est,2028,30.27404126605447,302.0
Mayo-Kebbi Est,2029,33.09142763130859,1065.0
Mayo-Kebbi Est,2030,21.76746065506645,318.0
Mayo-Kebbi Est,2031,20.823683226200195,304.0
Mayo-Kebbi Est,2032,28.830638250600305,0.0
Mayo-Kebbi Est,2033,19.92364317345143,954.0
Mayo-Kebbi Est,2034,14.449586630887644,536.0
Mayo-Kebbi Est,2035,0.0,0.0
Mayo-Kebbi Est,2036,28.37591825642112,1040.0
Mayo-Kebbi Est,2037,19.49207184528584,995.0
Mayo-Kebbi Est,2038,0.0,514.0
Mayo-Kebbi Est,2039,16.774483414434506,458.0
Mayo-Kebbi Ouest,1990,3184.3922581231764,1002.0
Mayo-Kebbi Ouest,1991,21.46332190913269,599.0
Mayo-Kebbi Ouest,1992,29.641624566880893,546.0
Mayo-Kebbi Ouest,1993,3453.0825696193438,916.0
Mayo-Kebbi Ouest,1994,9.28052854858305,400.0
Mayo-Kebbi Ouest,1995,0.0,360.0
Mayo-Kebbi Ouest,1996,16.2447138002592,420.0
Mayo-Kebbi Ouest,1997,26.77860352060005,656.0
Mayo-Kebbi Ouest,1998,12.829294696605642,437.0
Mayo-Kebbi Ouest,1999,29.487908356268896,1000.0
Mayo-Kebbi Ouest,2000,23.214804528861425,0.0
Mayo-Kebbi Ouest,2001,14.249254463043275,808.0
Mayo-Kebbi Ouest,2002,29.780862958190813,863.0
Mayo-Kebbi Ouest,2003,20.75486378802824,705.0
Mayo-Kebbi Ouest,2004,20.13671387812649,0.0
Mayo-Kebbi Ouest,2005,18.66380786935978,508.0
Mayo-Kebbi Ouest,2006,6.099346696090978,888.0
Mayo-Kebbi Ouest,2007,27.67182674452412,380.0
Mayo-Kebbi Ouest,2008,23.05155755524536,935.0
Mayo-Kebbi Ouest,2009,34.4663387285382,919.0
Mayo-Kebbi Ouest,2010,19.202741688606444,626.0
Mayo-Kebbi Ouest,2011,5.888660679613077,386.0
Mayo-Kebbi Ouest,2012,29.01365935400484,1097.0
Mayo-Kebbi Ouest,2013,5.618285024698482,483.0
Mayo-Kebbi Ouest,2014,13.810970017249865,629.0
Mayo-Kebbi Ouest,2015,30.32144368140045,874.0
Mayo-Kebbi Ouest,2016,18.73830360285264,365.0
Mayo-Kebbi Ouest,2017,11.182251363472872,817.0
Mayo-Kebbi Ouest,2018,7.508047002394909,794.0
Mayo-Kebbi Ouest,2019,12.818170020900691,419.0
Mayo-Kebbi Ouest,2020,0.0,0.0
Mayo-Kebbi Ouest,2021,8.400285028233677,1004.0
Mayo-Kebbi Ouest,2022,32.99054856676074,517.0
Mayo-Kebbi Ouest,2023,18.96793049324053,914.0
Mayo-Kebbi Ouest,2024,19.758696607687256,940.0
Mayo-Kebbi Ouest,2025,28.243855676627813,350.0
Mayo-Kebbi Ouest,2026,33.53667366312263,458.0
Mayo-Kebbi Ouest,2027,5.770381908910288,460.0
Mayo-Kebbi Ouest,2028,25.903681364783893,398.0
Mayo-Kebbi Ouest,2029,33.94481429276152,545.0
Mayo-Kebbi Ouest,2030,20.662926805383123,421.0
Mayo-Kebbi Ouest,2031,24.32550024842903,846.0
Mayo-Kebbi Ouest,2032,15.296155557872767,691.0
Mayo-Kebbi Ouest,2033,25.07453843945745,324.0
Mayo-Kebbi Ouest,2034,7.695366756816866,456.0
Mayo-Kebbi Ouest,2035,17.499008493447082,1054.0
Mayo-Kebbi Ouest,2036,21.071262529555,585.0
Mayo-Kebbi Ouest,2037,10.30432607861649,358.0
Mayo-Kebbi Ouest,2038,29.009874806869025,0.0
Mayo-Kebbi Ouest,2039,16.546234072681628,559.0
Moyen-Chari,1990,28.77119915518505,486.0
Moyen-Chari,1991,28.77385119922652,780.0
Moyen-Chari,1992,28.071277219242656,1089.0
Moyen-Chari,1993,0.0,439.0
Moyen-Chari,1994,11.929595410558347,702.0
Moyen-Chari,1995,25.58001070118297,639.0
Moyen-Chari,1996,34.935579663834986,456.0
Moyen-Chari,1997,8.952258901315904,929.0
Moyen-Chari,1998,20.47609252917368,572.0
Moyen-Chari,1999,6.487766155826701,1015.0
Moyen-Chari,2000,5.5608436801554,367.0
Moyen-Chari,2001,12.558565565312373,0.0
Moyen-Chari,2002,30.76882654361604,0.0
Moyen-Chari,2003,13.158754447362371,76800.0
Moyen-Chari,2004,19.737073161771725,780.0
Moyen-Chari,2005,0.0,550.0
Moyen-Chari,2006,0.0,685.0
Moyen-Chari,2007,0.0,0.0
Moyen-Chari,2008,7.7767198916524976,0.0
Moyen-Chari,2009,14.01226789896739,945.0
Moyen-Chari,2010,0.0,311.0
Moyen-Chari,2011,0.0,697.0
Moyen-Chari,2012,29.27795188506408,43000.0
Moyen-Chari,2013,7.2949068783966355,633.0
Moyen-Chari,2014,7.263369150769034,692.0
Moyen-Chari,2015,0.0,748.0
Moyen-Chari,2016,32.22008683127677,551.0
Moyen-Chari,2017,17.77639335677258,659.0
Moyen-Chari,2018,31.673852536228758,734.0
Moyen-Chari,2019,11.89290276156184,978.0
Moyen-Chari,2020,2340.705214409405,962.0
Moyen-Chari,2021,33.66841167597204,1031.0
Moyen-Chari,2022,28.384976059867924,823.0
Moyen-Chari,2023,14.628071788709128,814.0
Moyen-Chari,2024,14.38630976894444,369.0
Moyen-Chari,2025,0.0,787.0
Moyen-Chari,2026,22.442270839638937,634.0
Moyen-Chari,2027,29.64725703997686,650.0
Moyen-Chari,2028,29.742299605693653,109100.0
Moyen-Chari,2029,0.0,420.0
Moyen-Chari,2030,30.04434894010835,381.0
Moyen-Chari,2031,30.55214760089075,341.0
Moyen-Chari,2032,29.61698467249462,1025.0
Moyen-Chari,2033,9.689096401217302,971.0
Moyen-Chari,2034,8.762241119088907,1022.0
Moyen-Chari,2035,0.0,0.0
Moyen-Chari,2036,28.057747574885266,662.0
Moyen-Chari,2037,0.0,385.0
Moyen-Chari,2038,33.341748011699984,330.0
Moyen-Chari,2039,30.4408588680102,307.0
Ouaddai,1990,31.47539658097453,840.0
Ouaddai,1991,12.74121630665652,328.0
Ouaddai,1992,12.920073137162351,518.0
Ouaddai,1993,23.13347149256696,853.0
Ouaddai,1994,25.57942205693081,925.0
Ouaddai,1995,19.053311571897133,475.0
Ouaddai,1996,26.380483686465062,304.0
Ouaddai,1997,10.93100333637656,0.0
Ouaddai,1998,10.192648778475776,481.0
Ouaddai,1999,23.86366002285211,587.0
Ouaddai,2000,33.21383677436812,1066.0
Ouaddai,2001,26.97394119080452,0.0
Ouaddai,2002,27.840998694740964,571.0
Ouaddai,2003,19.546743056749136,895.0
Ouaddai,2004,29.286894918249047,483.0
Ouaddai,2005,27.03449368031218,1031.0
Ouaddai,2006,7.73472218545923,374.0
Ouaddai,2007,24.543183006210327,518.0
Ouaddai,2008,5.051352470303469,335.0
Ouaddai,2009,0.0,665.0
Ouaddai,2010,14.113715514449789,1083.0
Ouaddai,2011,18.57981633288506,788.0
Ouaddai,2012,21.19616587342756,518.0
Ouaddai,2013,22.373303382548425,1042.0
Ouaddai,2014,19.931978068110325,1058.0
Ouaddai,2015,13.504345702511005,986.0
Ouaddai,2016,19.781195715341543,844.0
Ouaddai,2017,18.889336134351137,729.0
Ouaddai,2018,22.346080904021548,449.0
Ouaddai,2019,15.566048665181825,632.0
Ouaddai,2020,11.05456953378814,509.0
Ouaddai,2021,13.490367619283402,985.0
Ouaddai,2022,28.424585669712396,0.0
Ouaddai,2023,6.336742759529471,886.0
Ouaddai,2024,20.03378659119209,603.0
Ouaddai,2025,19.813854836650773,433.0
Ouaddai,2026,16.192860419144722,375.0
Ouaddai,2027,11.730084444180706,378.0
Ouaddai,2028,12.923444215732564,312.0
Ouaddai,2029,30.37945723399654,84600.0
Ouaddai,2030,8.795832170701168,437.0
Ouaddai,2031,31.37310029620573,878.0
Ouaddai,2032,29.69187600267802,370.0
Ouaddai,2033,22.11510743512636,925.0
Ouaddai,2034,32.840407071925334,485.0
Ouaddai,2035,34.25677742501753,986.0
Ouaddai,2036,29.792256995813645,413.0
Ouaddai,2037,13.09669474099038,1030.0
Ouaddai,2038,34.07565289113858,494.0
Ouaddai,2039,15.691794481051172,477.0
Salamat,1990,25.21604988307968,107300.0
Salamat,1991,1805.719743720837,1059.0
Salamat,1992,2606.34981830927,892.0
Salamat,1993,27.34065696933738,869.0
Salamat,1994,22.265063917628133,889.0
Salamat,1995,19.158005966717667,888.0
Salamat,1996,5.817886184647297,0.0
Salamat,1997,31.92931991790561,950.0
Salamat,1998,32.51940651545213,1082.0
Salamat,1999,26.618775544835565,622.0
Salamat,2000,20.68791059235339,406.0
Salamat,2001,17.124424368023504,300.0
Salamat,2002,3018.407015810314,462.0
Salamat,2003,26.1534807922683,996.0
Salamat,2004,0.0,329.0
Salamat,2005,13.208589078058472,998.0
Salamat,2006,33.627095338801425,98200.0
Salamat,2007,12.01706958706557,343.0
Salamat,2008,23.54075508782675,464.0
Salamat,2009,21.12058228989917,84700.0
Salamat,2010,6.635120865958082,477.0
Salamat,2011,2829.2473449965946,580.0
Salamat,2012,0.0,1046.0
Salamat,2013,24.257510255026656,1084.0
Salamat,2014,29.506216164246947,704.0
Salamat,2015,5.839068210269863,1055.0
Salamat,2016,13.322443467052736,862.0
Salamat,2017,14.927471605304667,314.0
Salamat,2018,18.77684001109496,885.0
Salamat,2019,11.63356421777106,338.0
Salamat,2020,31.002583488217734,944.0
Salamat,2021,25.59759771563051,797.0
Salamat,2022,31.1014394528696,682.0
Salamat,2023,16.380805177661127,835.0
Salamat,2024,32.22114360491118,1051.0
Salamat,2025,7.507796316869848,809.0
Salamat,2026,17.288074467796804,462.0
Salamat,2027,8.006320112065914,942.0
Salamat,2028,31.0556918019477,456.0
Salamat,2029,5.955197521516768,327.0
Salamat,2030,31.951579428790488,302.0
Salamat,2031,12.388675579971984,1052.0
Salamat,2032,5.639632280347112,651.0
Salamat,2033,10.50843372374892,606.0
Salamat,2034,28.45337932315992,0.0
Salamat,2035,30.952215970992924,590.0
Salamat,2036,16.43451428561405,700.0
Salamat,2037,30.113938817019186,43200.0
Salamat,2038,27.13776106150564,720.0
Salamat,2039,0.0,336.0
Sila,1990,21.630136522339967,465.0
Sila,1991,14.906696712937274,593.0
Sila,1992,21.73233506746964,519.0
Sila,1993,10.53732900675071,821.0
Sila,1994,12.333143807307245,606.0
Sila,1995,29.76217570228231,746.0
Sila,1996,13.954202117969835,352.0
Sila,1997,3070.985330336921,423.0
Sila,1998,23.000418355536024,393.0
Sila,1999,20.0782498896157,611.0
Sila,2000,8.769966052656855,661.0
Sila,2001,16.622959744367424,757.0
Sila,2002,7.657700705960888,846.0
Sila,2003,18.86917540786356,403.0
Sila,2004,31.80067794503061,783.0
Sila,2005,23.4478892662252,859.0
Sila,2006,25.75229098975657,616.0
Sila,2007,13.094459692255851,436.0
Sila,2008,34.94281718692634,464.0
Sila,2009,32.72033146227919,714.0
Sila,2010,30.425385715455175,777.0
Sila,2011,5.006294960556116,372.0
Sila,2012,18.59505721777301,702.0
Sila,2013,13.470044605769214,886.0
Sila,2014,16.003433818810137,69400.0
Sila,2015,25.270275088773776,545.0
Sila,2016,13.53395201731256,0.0
Sila,2017,5.092739001727329,617.0
Sila,2018,0.0,1081.0
Sila,2019,15.266131337373972,594.0
Sila,2020,13.081512996758557,804.0
Sila,2021,23.529666670131515,1061.0
Sila,2022,26.25092668968756,0.0
Sila,2023,3136.28880009627,484.0
Sila,2024,17.38436414766543,1091.0
Sila,2025,5.735716600481659,453.0
Sila,2026,32.788264539928335,752.0
Sila,2027,16.42316350732824,0.0
Sila,2028,19.338675925480413,932.0
Sila,2029,33.330934184035854,585.0
Sila,2030,34.31395696140412,406.0
Sila,2031,5.123537614928361,569.0
Sila,2032,13.782373655460212,763.0
Sila,2033,516.5039607032918,391.0
Sila,2034,24.19894541615657,541.0
Sila,2035,14.468833087018035,1096.0
Sila,2036,18.17349945957524,314.0
Sila,2037,34.48226641147045,997.0
Sila,2038,18.789843137433923,1036.0
Sila,2039,6.736546091222095,432.0
Tandjile,1990,19.57965852766488,426.0
Tandjile,1991,33.52864149908481,976.0
Tandjile,1992,12.979488741419432,694.0
Tandjile,1993,17.262127714706033,959.0
Tandjile,1994,19.934283008669883,1056.0
Tandjile,1995,8.001262043017377,940.0
Tandjile,1996,0.0,802.0
Tandjile,1997,16.61418806164996,784.0
Tandjile,1998,6.506858955344209,665.0
Tandjile,1999,31.560454146143226,713.0
Tandjile,2000,19.360735493993,998.0
Tandjile,2001,31.549901415831343,816.0
Tandjile,2002,24.949920650113548,795.0
Tandjile,2003,32.08331250226861,423.0
Tandjile,2004,15.053690378687616,813.0
Tandjile,2005,34.464697410963225,462.0
Tandjile,2006,16.70728877312058,741.0
Tandjile,2007,34.36823244013591,907.0
Tandjile,2008,32.460934331250684,357.0
Tandjile,2009,32.721740904921,0.0
Tandjile,2010,6.546171115497081,795.0
Tandjile,2011,17.76667545483444,867.0
Tandjile,2012,17.257773812980133,362.0
Tandjile,2013,27.058328009003464,407.0
Tandjile,2014,10.758444263455416,302.0
Tandjile,2015,21.0116217588766,483.0
Tandjile,2016,19.435333505179727,680.0
Tandjile,2017,32.11828499971655,958.0
Tandjile,2018,27.19314478051017,890.0
Tandjile,2019,12.17883468722936,1047.0
Tandjile,2020,3045.0997666980625,354.0
Tandjile,2021,33.577540463162975,996.0
Tandjile,2022,21.079658698333933,739.0
Tandjile,2023,33.1742978287469,599.0
Tandjile,2024,28.15285717217517,959.0
Tandjile,2025,34.610288247481684,964.0
Tandjile,2026,2451.7229670047923,645.0
Tandjile,2027,13.785580870651096,322.0
Tandjile,2028,34.90080422444274,1031.0
Tandjile,2029,33.288042151164774,725.0
Tandjile,2030,19.239051616324648,562.0
Tandjile,2031,22.093849647758923,1005.0
Tandjile,2032,17.28517374277895,964.0
Tandjile,2033,14.386021390066473,62600.0
Tandjile,2034,18.65498718138419,388.0
Tandjile,2035,24.748926468630653,494.0
Tandjile,2036,12.910775534252698,556.0
Tandjile,2037,12.273812023833356,630.0
Tandjile,2038,31.95676695414116,875.0
Tandjile,2039,10.52419277671308,970.0
Tibesti,1990,21.11279937927283,979.0
Tibesti,1991,32.71172710184223,1043.0
Tibesti,1992,11.95358519437056,1053.0
Tibesti,1993,27.934537876979498,735.0
Tibesti,1994,28.71937491091531,316.0
Tibesti,1995,20.17042330097009,1050.0
Tibesti,1996,26.7578363892394,573.0
Tibesti,1997,25.63986363264685,569.0
Tibesti,1998,14.300978229771564,75000.0
Tibesti,1999,18.645276343365424,606.0
Tibesti,2000,30.15499013285167,1078.0
Tibesti,2001,8.066505429469153,651.0
Tibesti,2002,8.267789280093325,379.0
Tibesti,2003,6.417811205651106,615.0
Tibesti,2004,31.74686868339621,831.0
Tibesti,2005,16.190503388029455,1023.0
Tibesti,2006,25.467720181870277,1024.0
Tibesti,2007,32.18668763237591,797.0
Tibesti,2008,19.86094823174458,309.0
Tibesti,2009,0.0,928.0
Tibesti,2010,22.491829029598737,518.0
Tibesti,2011,24.660785492421763,855.0
Tibesti,2012,17.391978549062088,1097.0
Tibesti,2013,34.94598565056657,838.0
Tibesti,2014,11.664929240302513,343.0
Tibesti,2015,9.835018678166469,509.0
Tibesti,2016,25.83422999440097,1015.0
Tibesti,2017,29.833118163157923,487.0
Tibesti,2018,7.364045580140778,446.0
Tibesti,2019,9.194826344646485,720.0
Tibesti,2020,23.516629619600664,627.0
Tibesti,2021,13.26477856057256,942.0
Tibesti,2022,18.4448706757247,0.0
Tibesti,2023,27.435875877571096,450.0
Tibesti,2024,2393.787918447503,484.0
Tibesti,2025,8.968046662493702,890.0
Tibesti,2026,20.52039741490377,401.0
Tibesti,2027,20.918718604019123,697.0
Tibesti,2028,9.739448587148882,995.0
Tibesti,2029,21.89697222833956,0.0
Tibesti,2030,12.897357068435957,975.0
Tibesti,2031,20.265851489478354,543.0
Tibesti,2032,22.685441056443477,492.0
Tibesti,2033,16.343754639236458,816.0
Tibesti,2034,15.4462869173124,415.0
Tibesti,2035,13.767095064534814,79100.0
Tibesti,2036,6.638066552575291,1009.0
Tibesti,2037,3457.879024559675,404.0
Tibesti,2038,0.0,365.0
Tibesti,2039,28.429497564461094,1050.0
Wadi Fira,1990,21.303482779776665,808.0
Wadi Fira,1991,21.147846303416785,0.0
Wadi Fira,1992,13.826656459187026,736.0
Wadi Fira,1993,23.463111611669287,974.0
Wadi Fira,1994,31.84774730962312,657.0
Wadi Fira,1995,0.0,588.0
Wadi Fira,1996,26.058868268851736,0.0
Wadi Fira,1997,13.960646933876376,1007.0
Wadi Fira,1998,17.238795571080907,1090.0
Wadi Fira,1999,11.05072466662013,661.0
Wadi Fira,2000,29.7395611925405,1064.0
Wadi Fira,2001,34.81069292437667,0.0
Wadi Fira,2002,5.659936686111415,1047.0
Wadi Fira,2003,10.303680062978913,815.0
Wadi Fira,2004,12.944446675128836,1093.0
Wadi Fira,2005,9.582675644178764,705.0
Wadi Fira,2006,15.18889264465694,628.0
Wadi Fira,2007,29.857754166399115,0.0
Wadi Fira,2008,18.85092612985954,812.0
Wadi Fira,2009,28.149143119549585,524.0
Wadi Fira,2010,15.051179935419302,751.0
Wadi Fira,2011,24.052132989973654,352.0
Wadi Fira,2012,29.535378584782023,978.0
Wadi Fira,2013,27.4072064182525,978.0
Wadi Fira,2014,9.161348787380453,927.0
Wadi Fira,2015,9.355246955538927,585.0
Wadi Fira,2016,32.29928828190416,535.0
Wadi Fira,2017,23.64580989599137,308.0
Wadi Fira,2018,13.403671199315468,648.0
Wadi Fira,2019,16.745411555512998,321.0
Wadi Fira,2020,21.576457996396623,406.0
Wadi Fira,2021,17.368980513895792,0.0
Wadi Fira,2022,32.92287647859011,486.0
Wadi Fira,2023,30.525546706085,461.0
Wadi Fira,2024,20.70487275075881,491.0
Wadi Fira,2025,29.750134288955625,783.0
Wadi Fira,2026,25.599575926280856,1079.0
Wadi Fira,2027,9.129206105769462,749.0
Wadi Fira,2028,32.70754481312639,561.0
Wadi Fira,2029,1996.4138812949489,406.0
Wadi Fira,2030,6.785315453636439,910.0
Wadi Fira,2031,9.441839325242828,941.0
Wadi Fira,2032,7.62248548565259,757.0
Wadi Fira,2033,31.84255152222001,1028.0
Wadi Fira,2034,33.928073361580616,329.0
Wadi Fira,2035,22.62191865085312,697.0
Wadi Fira,2036,22.194820629603186,91300.0
Wadi Fira,2037,30.2111990204353,958.0
Wadi Fira,2038,15.572114869603114,516.0
Wadi Fira,2039,18.714826683156257,917.0
N'Djamena,1990,27.588840168435688,0.0
N'Djamena,1991,15.816685971505652,965.0
N'Djamena,1992,21.357804135787624,434.0
N'Djamena,1993,24.6368523899952,740.0
N'Djamena,1994,23.657479372640477,464.0
N'Djamena,1995,5.258358233277431,485.0
N'Djamena,1996,24.334157065131198,565.0
N'Djamena,1997,10.581599014173158,311.0
N'Djamena,1998,15.928097857526208,895.0
N'Djamena,1999,13.366424794212849,599.0
N'Djamena,2000,17.98958994433362,534.0
N'Djamena,2001,28.382478552877856,1015.0
N'Djamena,2002,9.0133906750057,1038.0
N'Djamena,2003,14.836725670257776,321.0
N'Djamena,2004,6.735207536490298,739.0
N'Djamena,2005,20.292985822524813,945.0
N'Djamena,2006,31.525358002556835,882.0
N'Djamena,2007,14.689895370971676,428.0
N'Djamena,2008,29.786335339068494,509.0
N'Djamena,2009,13.584964828304068,626.0
N'Djamena,2010,29.37664634885489,1068.0
N'Djamena,2011,20.963442442173797,926.0
N'Djamena,2012,30.92234314798814,1028.0
N'Djamena,2013,24.96324226918439,924.0
N'Djamena,2014,33.84066967634007,506.0
N'Djamena,2015,27.48259844766995,415.0
N'Djamena,2016,10.07575667060533,724.0
N'Djamena,2017,0.0,983.0
N'Djamena,2018,0.0,504.0
N'Djamena,2019,16.304154762207318,363.0
N'Djamena,2020,29.990395471675427,756.0
N'Djamena,2021,29.462797309095432,729.0
N'Djamena,2022,29.132795489634542,847.0
N'Djamena,2023,32.01070038428925,782.0
N'Djamena,2024,20.3631621301,379.0
N'Djamena,2025,6.0479610653953975,580.0
N'Djamena,2026,13.95404149288141,327.0
N'Djamena,2027,29.46727707202167,693.0
N'Djamena,2028,29.24071879176468,857.0
N'Djamena,2029,19.88656136669228,1029.0
N'Djamena,2030,15.907684377615713,740.0
N'Djamena,2031,32.72250297160069,1075.0
N'Djamena,2032,5.341298650537237,358.0
N'Djamena,2033,32.062512072317546,433.0
N'Djamena,2034,7.260087287091089,623.0
N'Djamena,2035,34.71793477674244,535.0
N'Djamena,2036,27.068672881104806,858.0
N'Djamena,2037,6.314973741400064,61500.0
N'Djamena,2038,28.15209288187141,538.0
N'Djamena,2039,9.735328957532854,0.0
